PLAYER;TEAM;NUMBER;POSITION;WEIGHT;LAST ATTENDED;COUNTRY
"Precious
Achiuwa";NYK;5;F;243 lbs;Memphis;Nigeria
"Steven
Adams";HOU;12;C;265 lbs;Pittsburgh;New Zealand
"Bam
Adebayo";MIA;13;C-F;255 lbs;Kentucky;USA
"Ochai
Agbaji";TOR;30;G;215 lbs;Kansas;USA
"Santi
Aldama";MEM;7;F-C;215 lbs;Loyola-Maryland;Spain
"Nickeil
Alexander-Walker";MIN;9;G;205 lbs;Virginia Tech;Canada
"Grayson
Allen";PHX;8;G;198 lbs;Duke;USA
"Jarrett
Allen";CLE;31;C;243 lbs;Texas;USA
"Jose
Alvarado";NOP;15;G;179 lbs;Georgia Tech;USA
"Kyle
Anderson";MIN;1;F-G;230 lbs;UCLA;USA
"Giannis
Antetokounmpo";MIL;34;F;243 lbs;Filathlitikos;Greece
"Thanasis
Antetokounmpo";MIL;43;F;219 lbs;Panathinaikos;Greece
"Cole
Anthony";ORL;50;G;185 lbs;North Carolina;USA
"OG
Anunoby";NYK;8;F-G;240 lbs;Indiana;United Kingdom
"Ryan
Arcidiacono";;;G;195 lbs;Villanova;USA
"Deni
Avdija";WAS;8;F;210 lbs;Maccabi Tel Aviv;Israel
"Deandre
Ayton";POR;2;C;247 lbs;Arizona;Bahamas
"Udoka
Azubuike";PHX;27;C-F;270 lbs;Kansas;Nigeria
"Ibou
Badji";POR;41;C;240 lbs;FC Barcelona;Senegal
"Marvin
Bagley III";WAS;35;F;235 lbs;Duke;USA
"Amari
Bailey";CHA;10;G;185 lbs;UCLA;USA
"Patrick
Baldwin Jr.";WAS;7;F;220 lbs;Wisconsin-Milwaukee;USA
"LaMelo
Ball";CHA;1;G;180 lbs;Illawarra;USA
"Lonzo
Ball";CHI;2;G;190 lbs;UCLA;USA
"Mo
Bamba";PHI;5;C;231 lbs;Texas;USA
"Paolo
Banchero";ORL;5;F;250 lbs;Duke;USA
"Desmond
Bane";MEM;22;G;215 lbs;TCU;USA
"Dalano
Banton";POR;5;F;204 lbs;Nebraska;Canada
"Dominick
Barlow";SAS;26;F;215 lbs;Overtime Elite;USA
"Harrison
Barnes";SAC;40;F;225 lbs;North Carolina;USA
"Scottie
Barnes";TOR;4;F-G;237 lbs;Florida State;USA
"RJ
Barrett";TOR;9;F-G;214 lbs;Duke;Canada
"Charles
Bassey";SAS;28;C-F;230 lbs;Western Kentucky;Nigeria
"Emoni
Bates";CLE;21;F;170 lbs;Eastern Michigan;USA
"Keita
Bates-Diop";BKN;13;F;229 lbs;Ohio State;USA
"Nicolas
Batum";PHI;40;G-F;230 lbs;Le Mans;France
"Darius
Bazley";UTA;26;F;216 lbs;Princeton HS (OH);USA
"Bradley
Beal";PHX;3;G;207 lbs;Florida;USA
"Malik
Beasley";MIL;5;G;187 lbs;Florida State;USA
"MarJon
Beauchamp";MIL;3;F;199 lbs;NBA G League Ignite;USA
"Jules
Bernard";WAS;14;G;210 lbs;UCLA;USA
"Davis
Bertans";CHA;9;F;225 lbs;Baskonia;Latvia
"Patrick
Beverley";MIL;21;G;180 lbs;Arkansas;USA
"Saddiq
Bey";ATL;41;G-F;215 lbs;Villanova;USA
"Goga
Bitadze";ORL;35;C-F;250 lbs;Mega Basket;Georgia
"Onuralp
Bitim";CHI;17;F;215 lbs;Bursaspor;Turkey
"Bismack
Biyombo";OKC;15;C;255 lbs;Baloncesto Fuenlabrada;DRC
"Anthony
Black";ORL;0;G;200 lbs;Arkansas;USA
"Leaky
Black";CHA;12;F;209 lbs;North Carolina;USA
"Buddy
Boeheim";DET;27;F;205 lbs;Syracuse;USA
"Bogdan
Bogdanovic";ATL;13;G;225 lbs;Fenerbahce;Serbia
"Bojan
Bogdanovic";NYK;44;F;226 lbs;Fenerbahce;Croatia
"Bol
Bol";PHX;11;C-F;220 lbs;Oregon;Sudan
"Marques
Bolden";CHA;12;C;249 lbs;Duke;USA
"Devin
Booker";PHX;1;G;206 lbs;Kentucky;USA
"Brandon
Boston Jr.";LAC;4;G;188 lbs;Kentucky;USA
"Chris
Boucher";TOR;25;F;200 lbs;Oregon;Saint Lucia
"James
Bouknight";;;G;190 lbs;Connecticut;USA
"Jamaree
Bouyea";SAS;21;G;180 lbs;San Francisco;USA
"Malaki
Branham";SAS;22;F;180 lbs;Ohio State;USA
"Christian
Braun";DEN;0;G;220 lbs;Kansas;USA
"Mikal
Bridges";BKN;1;G-F;209 lbs;Villanova;USA
"Miles
Bridges";CHA;0;F;225 lbs;Michigan State;USA
"Oshae
Brissett";BOS;12;F-G;210 lbs;Syracuse;Canada
"Izaiah
Brockington";;;G;196 lbs;Iowa State;USA
"Malcolm
Brogdon";POR;11;G;229 lbs;Virginia;USA
"Armoni
Brooks";;;G;195 lbs;Houston;USA
"Dillon
Brooks";HOU;9;G-F;225 lbs;Oregon;Canada
"Bruce
Brown";TOR;11;G-F;202 lbs;Miami;USA
"Jaylen
Brown";BOS;7;G-F;223 lbs;California;USA
"Kendall
Brown";IND;10;G;205 lbs;Baylor;USA
"Kobe
Brown";LAC;21;F;250 lbs;Missouri;USA
"Moses
Brown";POR;10;C;258 lbs;UCLA;USA
"Greg
Brown III";DAL;36;F;206 lbs;Texas;USA
"Charlie
Brown Jr.";NYK;4;G;199 lbs;St. Joseph's (PA);USA
"Troy
Brown Jr.";DET;7;G-F;215 lbs;Oregon;USA
"Jalen
Brunson";NYK;11;G;190 lbs;Villanova;USA
"Thomas
Bryant";MIA;31;C-F;248 lbs;Indiana;USA
"Kobe
Bufkin";ATL;4;G;195 lbs;Michigan;USA
"Reggie
Bullock Jr.";HOU;25;G-F;205 lbs;North Carolina;USA
"Alec
Burks";NYK;18;G;214 lbs;Colorado;USA
"Jared
Butler";WAS;4;G;193 lbs;Baylor;USA
"Jimmy
Butler";MIA;22;F;230 lbs;Marquette;USA
"Jamal
Cain";MIA;8;F;191 lbs;Oakland;USA
"Kentavious
Caldwell-Pope";DEN;5;G;204 lbs;Georgia;USA
"Toumani
Camara";POR;33;F;226 lbs;Dayton;Belgium
"Vlatko
Cancar";DEN;31;F;236 lbs;San Pablo Burgos;Slovenia
"Clint
Capela";ATL;15;C;256 lbs;Elan Chalon;Switzerland
"Jevon
Carter";CHI;5;G;200 lbs;West Virginia;USA
"Wendell
Carter Jr.";ORL;34;C-F;270 lbs;Duke;USA
"D.J.
Carton";TOR;3;G;200 lbs;Marquette;USA
"Alex
Caruso";CHI;6;G;186 lbs;Texas A&M;USA
"Colin
Castleton";LAL;14;C;250 lbs;Florida;USA
"Malcolm
Cazalon";;;G;185 lbs;Mega Basket;France
"Julian
Champagnie";SAS;30;F;217 lbs;St. John's;USA
"Justin
Champagnie";WAS;99;G-F;206 lbs;Pittsburgh;USA
"Max
Christie";LAL;10;G;190 lbs;Michigan State;USA
"Sidy
Cissoko";SAS;25;G;200 lbs;NBA G League Ignite;France
"Jaylen
Clark";MIN;0;G;205 lbs;UCLA;USA
"Brandon
Clarke";MEM;15;F;215 lbs;Gonzaga;Canada
"Jordan
Clarkson";UTA;0;G;194 lbs;Missouri;USA
"Nic
Claxton";BKN;33;C;215 lbs;Georgia;USA
"Noah
Clowney";BKN;21;F;210 lbs;Alabama;USA
"Amir
Coffey";LAC;7;G-F;210 lbs;Minnesota;USA
"John
Collins";UTA;20;F-C;226 lbs;Wake Forest;USA
"Zach
Collins";SAS;23;F-C;250 lbs;Gonzaga;USA
"Mike
Conley";MIN;10;G;175 lbs;Ohio State;USA
"Pat
Connaughton";MIL;24;G;209 lbs;Notre Dame;USA
"Bilal
Coulibaly";WAS;0;G;195 lbs;Metropolitans 92;France
"Ricky
Council IV";PHI;16;G;207 lbs;Arkansas;USA
"Robert
Covington";PHI;33;F;209 lbs;Tennessee State;USA
"Torrey
Craig";CHI;13;F;221 lbs;South Carolina Upstate;USA
"Jae
Crowder";MIL;99;F;235 lbs;Marquette;USA
"Jalen
Crutcher";;;G;175 lbs;Dayton;USA
"Cade
Cunningham";DET;2;G;220 lbs;Oklahoma State;USA
"Seth
Curry";CHA;30;G;185 lbs;Duke;USA
"Stephen
Curry";GSW;30;G;185 lbs;Davidson;USA
"Dyson
Daniels";NOP;11;G;199 lbs;NBA G League Ignite;Australia
"Anthony
Davis";LAL;3;F-C;253 lbs;Kentucky;USA
"Johnny
Davis";WAS;1;G;195 lbs;Wisconsin;USA
"JD
Davison";BOS;20;G;195 lbs;Alabama;USA
"DeMar
DeRozan";CHI;11;G-F;220 lbs;Southern California;USA
"Dexter
Dennis";;;G;210 lbs;Texas A&M;USA
"Donte
DiVincenzo";NYK;0;G;203 lbs;Villanova;USA
"Moussa
Diabate";LAC;25;F;210 lbs;Michigan;France
"Mamadi
Diakite";NYK;21;F;228 lbs;Virginia;Guinea
"Hamidou
Diallo";;;G;202 lbs;Kentucky;USA
"Gradey
Dick";TOR;1;G-F;200 lbs;Kansas;USA
"Ousmane
Dieng";OKC;13;F;185 lbs;New Zealand Breakers;France
"Spencer
Dinwiddie";LAL;26;G;215 lbs;Colorado;USA
"Luka
Doncic";DAL;77;F-G;230 lbs;Real Madrid;Slovenia
"Luguentz
Dort";OKC;5;G;220 lbs;Arizona State;Canada
"Ayo
Dosunmu";CHI;12;G;200 lbs;Illinois;USA
"Jeff
Dowtin Jr.";PHI;11;G;177 lbs;Rhode Island;USA
"Henri
Drell";CHI;77;F;220 lbs;Victoria Libertas;Estonia
"Andre
Drummond";CHI;3;C;279 lbs;Connecticut;USA
"Chris
Duarte";SAC;3;G;190 lbs;Oregon;Dominican Republic
"David
Duke Jr.";SAS;28;G;204 lbs;Providence;USA
"Kris
Dunn";UTA;11;G;205 lbs;Providence;USA
"Kevin
Durant";PHX;35;F;240 lbs;Texas;USA
"Jalen
Duren";DET;0;C;250 lbs;Memphis;USA
"Tari
Eason";HOU;17;F;215 lbs;Louisiana State;USA
"Anthony
Edwards";MIN;5;G;225 lbs;Georgia;USA
"Kessler
Edwards";SAC;17;F;203 lbs;Pepperdine;USA
"Keon
Ellis";SAC;23;G;175 lbs;Alabama;USA
"Joel
Embiid";PHI;21;C-F;280 lbs;Kansas;Cameroon
"Drew
Eubanks";PHX;14;F-C;245 lbs;Oregon State;USA
"Tosan
Evbuomwan";DET;18;F;217 lbs;Princeton;United Kingdom
"Dante
Exum";DAL;0;G;214 lbs;Australian Institute of Sport;Australia
"Bruno
Fernando";ATL;24;F-C;240 lbs;Maryland;Angola
"Dorian
Finney-Smith";BKN;28;F;220 lbs;Florida;USA
"Adam
Flagler";OKC;14;G;180 lbs;Baylor;USA
"Malachi
Flynn";DET;18;G;185 lbs;San Diego State;USA
"Simone
Fontecchio";DET;19;F;209 lbs;Baskonia;Italy
"Jordan
Ford";SAC;31;G;175 lbs;St. Mary's College;USA
"Trent
Forrest";ATL;2;G;210 lbs;Florida State;USA
"Evan
Fournier";DET;31;G-F;205 lbs;Poitiers Basket 86;France
"De'Aaron
Fox";SAC;5;G;185 lbs;Kentucky;USA
"Javon
Freeman-Liberty";TOR;0;G;190 lbs;DePaul;USA
"Alex
Fudge";DAL;17;F;200 lbs;Florida;USA
"Markelle
Fultz";ORL;20;G;209 lbs;Washington;USA
"Andrew
Funk";CHI;;G;200 lbs;Penn State;USA
"Wenyen
Gabriel";;;F;205 lbs;Kentucky;South Sudan
"Daniel
Gafford";DAL;21;F-C;234 lbs;Arkansas;USA
"Danilo
Gallinari";MIL;12;F;236 lbs;Olimpia Milano;Italy
"Jaylin
Galloway";MIL;;F;190 lbs;Sydney Kings;Australia
"Darius
Garland";CLE;10;G;192 lbs;Vanderbilt;USA
"Usman
Garuba";GSW;12;F;229 lbs;Real Madrid;Spain
"Luka
Garza";MIN;55;C;243 lbs;Iowa;USA
"Kaiser
Gates";;;F;225 lbs;Xavier;USA
"Keyonte
George";UTA;3;G;185 lbs;Baylor;USA
"Paul
George";LAC;13;F;220 lbs;Fresno State;USA
"Taj
Gibson";DET;67;F;232 lbs;Southern California;USA
"Josh
Giddey";OKC;3;G;216 lbs;NBA Global Academy;Australia
"Harry
Giles III";LAL;20;F-C;240 lbs;Duke;USA
"Shai
Gilgeous-Alexander";OKC;2;G;195 lbs;Kentucky;Canada
"Anthony
Gill";WAS;16;F;230 lbs;Virginia;USA
"Collin
Gillespie";DEN;21;G;195 lbs;Villanova;USA
"Jacob
Gilyard";BKN;14;G;160 lbs;Richmond;USA
"Rudy
Gobert";MIN;27;C;258 lbs;Cholet;France
"Jordan
Goodwin";MEM;0;G;200 lbs;St. Louis;USA
"Aaron
Gordon";DEN;50;F;235 lbs;Arizona;USA
"Eric
Gordon";PHX;23;G;215 lbs;Indiana;USA
"Devonte'
Graham";SAS;4;G;195 lbs;Kansas;USA
"Jerami
Grant";POR;9;F;210 lbs;Syracuse;USA
"RaiQuan
Gray";SAS;0;F;269 lbs;Florida State;USA
"AJ
Green";MIL;20;G;190 lbs;Northern Iowa;USA
"Danny
Green";;;G;215 lbs;North Carolina;USA
"Draymond
Green";GSW;23;F;230 lbs;Michigan State;USA
"Jalen
Green";HOU;4;G;186 lbs;NBA G League Ignite;USA
"Javonte
Green";;;G;205 lbs;Radford University;USA
"Jeff
Green";HOU;32;F;235 lbs;Georgetown;USA
"Josh
Green";DAL;8;G;200 lbs;Arizona;Australia
"AJ
Griffin";ATL;14;F;220 lbs;Duke;USA
"Quentin
Grimes";DET;24;G;210 lbs;Houston;USA
"Mouhamadou
Gueye";TOR;16;F;210 lbs;Pittsburgh;USA
"Mouhamed
Gueye";ATL;18;F;210 lbs;Washington State;Senegal
"Rui
Hachimura";LAL;28;F;230 lbs;Gonzaga;Japan
"Ashton
Hagans";POR;22;G-F;190 lbs;Kentucky;USA
"Tyrese
Haliburton";IND;0;G;185 lbs;Iowa State;USA
"R.J.
Hampton";;;G;175 lbs;New Zealand Breakers;USA
"Tim
Hardaway Jr.";DAL;10;G-F;205 lbs;Michigan;USA
"James
Harden";LAC;1;G;220 lbs;Arizona State;USA
"Jaden
Hardy";DAL;1;G;198 lbs;NBA G League Ignite;USA
"Ron
Harper Jr.";;;G-F;233 lbs;Rutgers;USA
"Gary
Harris";ORL;14;G;210 lbs;Michigan State;USA
"Joe
Harris";;;G-F;220 lbs;Virginia;USA
"Kevon
Harris";ORL;8;G;216 lbs;Stephen F. Austin;USA
"Tobias
Harris";PHI;12;F;226 lbs;Tennessee;USA
"Shaquille
Harrison";;;G;195 lbs;Tulsa;USA
"Josh
Hart";NYK;3;G;215 lbs;Villanova;USA
"Isaiah
Hartenstein";NYK;55;C-F;250 lbs;Zalgiris;Germany
"Sam
Hauser";BOS;30;F;217 lbs;Virginia;USA
"Jordan
Hawkins";NOP;24;G;190 lbs;Connecticut;USA
"Jaxson
Hayes";LAL;11;C-F;220 lbs;Texas;USA
"Killian
Hayes";;;G;195 lbs;Ratiopharm Ulm;France
"Gordon
Hayward";OKC;33;F;225 lbs;Butler;USA
"Scoot
Henderson";POR;0;G;202 lbs;NBA G League Ignite;USA
"Taylor
Hendricks";UTA;0;F;215 lbs;Central Florida;USA
"Tyler
Herro";MIA;14;G;195 lbs;Kentucky;USA
"Buddy
Hield";PHI;17;G;220 lbs;Oklahoma;Bahamas
"Haywood
Highsmith";MIA;24;F;220 lbs;Wheeling Jesuit;USA
"Malcolm
Hill";NOP;33;F;220 lbs;Illinois;USA
"Nate
Hinton";HOU;14;G-F;210 lbs;Houston;USA
"D'Moi
Hodge";;;G;188 lbs;Missouri;British Virgin Islands
"Aaron
Holiday";HOU;0;G;185 lbs;UCLA;USA
"Jrue
Holiday";BOS;4;G;205 lbs;UCLA;USA
"Justin
Holiday";DEN;9;F-G;180 lbs;Washington;USA
"Richaun
Holmes";WAS;22;F;235 lbs;Bowling Green;USA
"Chet
Holmgren";OKC;7;C-F;208 lbs;Gonzaga;USA
"Jalen
Hood-Schifino";LAL;0;G;215 lbs;Indiana;USA
"Al
Horford";BOS;42;C-F;240 lbs;Florida;Dominican Republic
"Talen
Horton-Tucker";UTA;5;G;234 lbs;Iowa State;USA
"Danuel
House Jr.";;;F-G;220 lbs;Texas A&M;USA
"Caleb
Houstan";ORL;2;G;205 lbs;Michigan;Canada
"Jett
Howard";ORL;13;G;215 lbs;Michigan;USA
"Kevin
Huerter";SAC;9;G-F;198 lbs;Maryland;USA
"Jay
Huff";DEN;30;C;240 lbs;Virginia;USA
"De'Andre
Hunter";ATL;12;F-G;221 lbs;Virginia;USA
"Matt
Hurt";;;F;233 lbs;Duke;USA
"Bones
Hyland";LAC;5;G;169 lbs;Virginia Commonwealth;USA
"Joe
Ingles";ORL;7;F-G;220 lbs;Maccabi Tel Aviv;Australia
"Brandon
Ingram";NOP;14;F;190 lbs;Duke;USA
"Kyrie
Irving";DAL;11;G;195 lbs;Duke;Australia
"Jonathan
Isaac";ORL;1;F;230 lbs;Florida State;USA
"Jaden
Ivey";DET;23;G;195 lbs;Purdue;USA
"GG
Jackson";MEM;45;F;210 lbs;South Carolina;USA
"Isaiah
Jackson";IND;22;F;205 lbs;Kentucky;USA
"Justin
Jackson";;;F;220 lbs;North Carolina;USA
"Quenton
Jackson";IND;29;G;173 lbs;Texas A&M;USA
"Reggie
Jackson";DEN;7;G;208 lbs;Boston College;USA
"Andre
Jackson Jr.";MIL;44;G;209 lbs;Connecticut;USA
"Jaren
Jackson Jr.";MEM;13;F-C;242 lbs;Michigan State;USA
"Trayce
Jackson-Davis";GSW;32;F;245 lbs;Indiana;USA
"LeBron
James";LAL;23;F;250 lbs;St. Vincent-St. Mary HS (OH);USA
"Jaime
Jaquez Jr.";MIA;11;G;225 lbs;UCLA;USA
"DeJon
Jarreau";;;G;185 lbs;Houston;USA
"DaQuan
Jeffries";NYK;8;G-F;222 lbs;Tulsa;USA
"Trey
Jemison";MEM;55;C;260 lbs;Alabama-Birmingham;USA
"Ty
Jerome";CLE;2;G-F;195 lbs;Virginia;USA
"Isaiah
Joe";OKC;11;G;165 lbs;Arkansas;USA
"Cameron
Johnson";BKN;2;F;210 lbs;North Carolina;USA
"Jalen
Johnson";ATL;1;F;219 lbs;Duke;USA
"James
Johnson";IND;16;F;240 lbs;Wake Forest;USA
"Keldon
Johnson";SAS;3;F-G;220 lbs;Kentucky;USA
"Keon
Johnson";BKN;45;G;185 lbs;Tennessee;USA
"Keyontae
Johnson";OKC;18;F;230 lbs;Kansas State;USA
"Nikola
Jokic";DEN;15;C;284 lbs;Mega Basket;Serbia
"Colby
Jones";SAC;20;G;207 lbs;Xavier;USA
"Damian
Jones";CLE;30;C;245 lbs;Vanderbilt;USA
"Herbert
Jones";NOP;5;F;206 lbs;Alabama;USA
"Mason
Jones";SAC;22;G;200 lbs;Arkansas;USA
"Tre
Jones";SAS;33;G;185 lbs;Duke;USA
"Tyus
Jones";WAS;5;G;196 lbs;Duke;USA
"Derrick
Jones Jr.";DAL;55;F;210 lbs;UNLV;USA
"DeAndre
Jordan";DEN;6;C;265 lbs;Texas A&M;USA
"Cory
Joseph";;;G;200 lbs;Texas;Canada
"Nikola
Jovic";MIA;5;F;205 lbs;Mega Basket;Serbia
"Johnny
Juzang";UTA;33;G;209 lbs;UCLA;USA
"Luke
Kennard";MEM;10;G;206 lbs;Duke;USA
"Walker
Kessler";UTA;24;C;245 lbs;Auburn;USA
"Braxton
Key";DEN;11;F;225 lbs;Virginia;USA
"Corey
Kispert";WAS;24;F;224 lbs;Gonzaga;USA
"Maxi
Kleber";DAL;42;F;240 lbs;Bayern Munich;Germany
"Kevin
Knox II";;;F;215 lbs;Kentucky;USA
"John
Konchar";MEM;46;G;210 lbs;Indiana-Purdue Fort Wayne;USA
"Furkan
Korkmaz";;;G-F;202 lbs;Anadolu Efes;Turkey
"Luke
Kornet";BOS;40;C-F;250 lbs;Vanderbilt;USA
"Vit
Krejci";ATL;27;G;195 lbs;Zaragoza;Czech Republic
"Jonathan
Kuminga";GSW;0;F;225 lbs;NBA G League Ignite;DRC
"Kyle
Kuzma";WAS;33;F;221 lbs;Utah;USA
"Jake
LaRavia";MEM;3;F;235 lbs;Wake Forest;USA
"Zach
LaVine";CHI;8;G;200 lbs;UCLA;USA
"Jock
Landale";HOU;2;C;255 lbs;St. Mary's;Australia
"A.J.
Lawson";DAL;9;G;179 lbs;South Carolina;Canada
"Caris
LeVert";CLE;3;G;205 lbs;Michigan;USA
"Damion
Lee";PHX;10;G-F;210 lbs;Drexel;USA
"Saben
Lee";PHX;38;G;183 lbs;Vanderbilt;USA
"Alex
Len";SAC;25;C;250 lbs;Maryland;Ukraine
"Kawhi
Leonard";LAC;2;F;225 lbs;San Diego State;USA
"Maxwell
Lewis";LAL;21;F;195 lbs;Pepperdine;USA
"Kira
Lewis Jr.";UTA;13;G;170 lbs;Alabama;USA
"E.J.
Liddell";NOP;32;F;240 lbs;Ohio State;USA
"Damian
Lillard";MIL;0;G;195 lbs;Weber State;USA
"Nassir
Little";PHX;25;F-G;220 lbs;North Carolina;USA
"Dereck
Lively II";DAL;2;C;230 lbs;Duke;USA
"Isaiah
Livers";WAS;12;F;232 lbs;Michigan;USA
"Chris
Livingston";MIL;7;F;220 lbs;Kentucky;USA
"Kenneth
Lofton Jr.";UTA;35;F;275 lbs;Louisiana Tech;USA
"Kevon
Looney";GSW;5;F;222 lbs;UCLA;USA
"Brook
Lopez";MIL;11;C;282 lbs;Stanford;USA
"Robin
Lopez";;;C;281 lbs;Stanford;USA
"Kevin
Love";MIA;42;F-C;251 lbs;UCLA;USA
"Kyle
Lowry";PHI;7;G;196 lbs;Villanova;USA
"Seth
Lundy";ATL;3;G-F;220 lbs;Penn State;USA
"Trey
Lyles";SAC;41;F;234 lbs;Kentucky;Canada
"Theo
Maledon";;;G;175 lbs;Asvel;France
"Sandro
Mamukelashvili";SAS;54;F-C;240 lbs;Seton Hall;Georgia
"Terance
Mann";LAC;14;G-F;215 lbs;Florida State;USA
"Tre
Mann";CHA;23;G;178 lbs;Florida;USA
"Boban
Marjanovic";HOU;51;C;290 lbs;Crvena zvezda;Serbia
"Lauri
Markkanen";UTA;23;F-C;240 lbs;Arizona;Finland
"Naji
Marshall";NOP;8;F;220 lbs;Xavier;USA
"Caleb
Martin";MIA;16;F;205 lbs;Nevada;USA
"Cody
Martin";CHA;11;F;205 lbs;Nevada;USA
"Jaylen
Martin";BKN;16;G;216 lbs;Overtime Elite;USA
"KJ
Martin";PHI;1;F;215 lbs;IMG Academy (FL);USA
"Garrison
Mathews";ATL;25;G;215 lbs;Lipscomb;USA
"Bennedict
Mathurin";IND;0;G-F;210 lbs;Arizona;Canada
"Wesley
Matthews";ATL;32;G;220 lbs;Marquette;USA
"Tyrese
Maxey";PHI;0;G;200 lbs;Kentucky;USA
"Skylar
Mays";LAL;4;G;205 lbs;Louisiana State;USA
"Miles
McBride";NYK;2;G;195 lbs;West Virginia;USA
"CJ
McCollum";NOP;3;G;190 lbs;Lehigh;USA
"T.J.
McConnell";IND;9;G;190 lbs;Arizona;USA
"Jaden
McDaniels";MIN;3;F;185 lbs;Washington;USA
"Jalen
McDaniels";TOR;2;F;190 lbs;San Diego State;USA
"Doug
McDermott";IND;20;F;225 lbs;Creighton;USA
"JaVale
McGee";SAC;0;C-F;270 lbs;Nevada;USA
"Bryce
McGowens";CHA;7;G;175 lbs;Nebraska;USA
"Jordan
McLaughlin";MIN;6;G;185 lbs;Southern California;USA
"De'Anthony
Melton";PHI;8;G;200 lbs;Southern California;USA
"Nathan
Mensah";;;C;230 lbs;San Diego State;Ghana
"Sam
Merrill";CLE;5;G;205 lbs;Utah State;USA
"Chimezie
Metu";DET;4;F-C;225 lbs;Southern California;USA
"Vasilije
Micic";CHA;22;G;188 lbs;Serbia;Serbia
"Khris
Middleton";MIL;22;F;222 lbs;Texas A&M;USA
"Brandon
Miller";CHA;24;F;200 lbs;Alabama;USA
"Jordan
Miller";LAC;11;G;194 lbs;Miami;USA
"Leonard
Miller";MIN;33;F;210 lbs;NBA G League Ignite;Canada
"Patty
Mills";MIA;8;G;180 lbs;St. Mary's;Australia
"Shake
Milton";NYK;13;G-F;205 lbs;Southern Methodist;USA
"Justin
Minaya";POR;24;F;205 lbs;Providence;USA
"Josh
Minott";MIN;8;F;205 lbs;Memphis;USA
"Davion
Mitchell";SAC;15;G;202 lbs;Baylor;USA
"Donovan
Mitchell";CLE;45;G;215 lbs;Louisville;USA
"Evan
Mobley";CLE;4;C;215 lbs;Southern California;USA
"Isaiah
Mobley";CLE;15;F;238 lbs;Southern California;USA
"Malik
Monk";SAC;0;G;200 lbs;Kentucky;USA
"Moses
Moody";GSW;4;G;211 lbs;Arkansas;USA
"Xavier
Moon";LAC;22;G;165 lbs;Morehead State;USA
"Taze
Moore";;;G;195 lbs;Houston;USA
"Wendell
Moore Jr.";MIN;7;G;215 lbs;Duke;USA
"Ja
Morant";MEM;12;G;174 lbs;Murray State;USA
"Markieff
Morris";DAL;88;F;245 lbs;Kansas;USA
"Monte
Morris";MIN;23;G;183 lbs;Iowa State;USA
"Marcus
Morris Sr.";CLE;24;F;218 lbs;Kansas;USA
"Trey
Murphy III";NOP;25;F;206 lbs;Virginia;USA
"Dejounte
Murray";ATL;5;G;180 lbs;Washington;USA
"Jamal
Murray";DEN;27;G;215 lbs;Kentucky;Canada
"Keegan
Murray";SAC;13;F;225 lbs;Iowa;USA
"Kris
Murray";POR;8;F;210 lbs;Iowa;USA
"Mike
Muscala";OKC;50;F-C;240 lbs;Bucknell;USA
"Svi
Mykhailiuk";BOS;50;G-F;205 lbs;Kansas;Ukraine
"Pete
Nance";CLE;8;F;225 lbs;North Carolina;USA
"Larry
Nance Jr.";NOP;22;F-C;245 lbs;Wyoming;USA
"Andrew
Nembhard";IND;2;G-F;191 lbs;Gonzaga;Canada
"Aaron
Nesmith";IND;23;G-F;215 lbs;Vanderbilt;USA
"Georges
Niang";CLE;20;F;230 lbs;Iowa State;USA
"Daishen
Nix";MIN;12;G;226 lbs;NBA G League Ignite;USA
"Zeke
Nnaji";DEN;22;F-C;240 lbs;Arizona;USA
"Jaylen
Nowell";;;G;201 lbs;Washington;USA
"Markquis
Nowell";;;G;160 lbs;Kansas State;USA
"Frank
Ntilikina";;;G;200 lbs;Strasbourg IG;France
"Jusuf
Nurkic";PHX;20;C;290 lbs;Cedevita;Bosnia and Herzegovina
"Jordan
Nwora";TOR;13;F;225 lbs;Louisville;USA
"Royce
O'Neale";PHX;0;F;226 lbs;Baylor;USA
"Chuma
Okeke";ORL;3;F;229 lbs;Auburn;USA
"Josh
Okogie";PHX;2;G;213 lbs;Georgia Tech;Nigeria
"Onyeka
Okongwu";ATL;17;F-C;240 lbs;Southern California;USA
"Isaac
Okoro";CLE;35;F-G;225 lbs;Auburn;USA
"Kelly
Olynyk";TOR;41;F-C;240 lbs;Gonzaga;Canada
"Eugene
Omoruyi";WAS;97;F;235 lbs;Oregon;Nigeria
"Cedi
Osman";SAS;16;F;230 lbs;Anadolu Efes;Turkey
"Kelly
Oubre Jr.";PHI;9;F-G;203 lbs;Kansas;USA
"Chris
Paul";GSW;3;G;175 lbs;Wake Forest;USA
"Cameron
Payne";PHI;22;G;183 lbs;Murray State;USA
"Gary
Payton II";GSW;0;G;195 lbs;Oregon State;USA
"Maozinha
Pereira";MEM;;F;177 lbs;;Brazil
"Drew
Peterson";BOS;13;F;205 lbs;Southern California;USA
"Filip
Petrusev";;;C;225 lbs;Gonzaga;Serbia
"Julian
Phillips";CHI;15;F;198 lbs;Tennessee;USA
"Jalen
Pickett";DEN;24;G;202 lbs;Penn State;USA
"Scotty
Pippen Jr.";MEM;1;G;170 lbs;Vanderbilt;USA
"Mason
Plumlee";LAC;44;F-C;254 lbs;Duke;USA
"Brandin
Podziemski";GSW;2;G;205 lbs;Santa Clara;USA
"Jakob
Poeltl";TOR;19;C;260 lbs;Utah;Austria
"Aleksej
Pokusevski";CHA;17;F;210 lbs;Olympiacos;Serbia
"Jordan
Poole";WAS;13;G;194 lbs;Michigan;USA
"Jontay
Porter";TOR;34;C-F;240 lbs;Missouri;USA
"Craig
Porter Jr.";CLE;9;G;180 lbs;Wichita State;USA
"Michael
Porter Jr.";DEN;1;F;218 lbs;Missouri;USA
"Otto
Porter Jr.";;;F;230 lbs;Georgetown;USA
"Bobby
Portis";MIL;9;F;250 lbs;Arkansas;USA
"Kristaps
Porzingis";BOS;8;F-C;240 lbs;Cajasol Sevilla;Latvia
"Micah
Potter";UTA;25;C;248 lbs;Wisconsin;USA
"Dwight
Powell";DAL;7;F-C;240 lbs;Stanford;Canada
"Norman
Powell";LAC;24;G;215 lbs;UCLA;USA
"Jason
Preston";UTA;10;G;181 lbs;Ohio;USA
"Joshua
Primo";LAC;12;G;189 lbs;Alabama;Canada
"Taurean
Prince";LAL;12;F;218 lbs;Baylor;USA
"Payton
Pritchard";BOS;11;G;195 lbs;Oregon;USA
"Olivier-Maxence
Prosper";DAL;18;F;230 lbs;Marquette;Canada
"Trevelin
Queen";ORL;12;G;190 lbs;New Mexico State;USA
"Neemias
Queta";BOS;88;C;248 lbs;Utah State;Portugal
"Immanuel
Quickley";TOR;5;G;190 lbs;Kentucky;USA
"Lester
Quinones";GSW;25;G;208 lbs;Memphis;USA
"Jahmi'us
Ramsey";;;G;190 lbs;Texas Tech;USA
"Julius
Randle";NYK;30;F-C;250 lbs;Kentucky;USA
"Duop
Reath";POR;26;C;245 lbs;Louisiana State;South Sudan
"Austin
Reaves";LAL;15;G;197 lbs;Oklahoma;USA
"Cam
Reddish";LAL;5;F-G;217 lbs;Duke;USA
"Paul
Reed";PHI;44;F;210 lbs;DePaul;USA
"Naz
Reid";MIN;11;C-F;264 lbs;Louisiana State;USA
"Jared
Rhoden";DET;8;G;210 lbs;Seton Hall;USA
"Nick
Richards";CHA;4;C;245 lbs;Kentucky;Jamaica
"Josh
Richardson";MIA;0;G;200 lbs;Tennessee;USA
"Duncan
Robinson";MIA;55;F;215 lbs;Michigan;USA
"Jerome
Robinson";GSW;18;G;190 lbs;Boston College;USA
"Mitchell
Robinson";NYK;23;C-F;240 lbs;Western Kentucky;USA
"Orlando
Robinson";MIA;25;C;235 lbs;Fresno State;USA
"Jeremiah
Robinson-Earl";NOP;50;F;240 lbs;Villanova;USA
"David
Roddy";PHX;21;F;255 lbs;Colorado State;USA
"Ryan
Rollins";MIL;55;G;180 lbs;Toledo;USA
"Derrick
Rose";MEM;23;G;200 lbs;Memphis;USA
"Terry
Rozier";MIA;2;G;190 lbs;Louisville;USA
"Rayan
Rupert";POR;72;G-F;185 lbs;New Zealand Breakers;France
"D'Angelo
Russell";LAL;1;G;193 lbs;Ohio State;USA
"Matt
Ryan";NOP;37;F;215 lbs;Tennessee-Chattanooga;USA
"Domantas
Sabonis";SAC;10;F-C;240 lbs;Gonzaga;Lithuania
"Luka
Samanic";UTA;19;F;227 lbs;Union Olimpija;Croatia
"Jermaine
Samuels Jr.";HOU;0;F;230 lbs;Villanova;USA
"Adama
Sanogo";CHI;21;F;245 lbs;Connecticut;Mali
"Gui
Santos";GSW;15;F;185 lbs;Minas;Brazil
"Dario
Saric";GSW;20;F-C;225 lbs;Anadolu Efes;Croatia
"Olivier
Sarr";OKC;30;C;240 lbs;Kentucky;France
"Marcus
Sasser";DET;25;G;195 lbs;Houston;USA
"Admiral
Schofield";ORL;25;F;241 lbs;Tennessee;United Kingdom
"Dennis
Schroder";BKN;17;G;175 lbs;Braunschweig;Germany
"Dereon
Seabron";NOP;0;G;180 lbs;North Carolina State;USA
"Alperen
Sengun";HOU;28;C;243 lbs;Besiktas;Turkey
"Brice
Sensabaugh";UTA;8;F;235 lbs;Ohio State;USA
"Collin
Sexton";UTA;2;G;190 lbs;Alabama;USA
"Landry
Shamet";WAS;20;G;190 lbs;Wichita State;USA
"Day'Ron
Sharpe";BKN;20;C;265 lbs;North Carolina;USA
"Shaedon
Sharpe";POR;17;G;205 lbs;Kentucky;Canada
"Ben
Sheppard";IND;26;G;190 lbs;Belmont;USA
"Pascal
Siakam";IND;43;F;245 lbs;New Mexico State;Cameroon
"Ben
Simmons";BKN;10;G-F;240 lbs;Louisiana State;Australia
"Kobi
Simmons";TOR;23;G;180 lbs;Arizona;USA
"Anfernee
Simons";POR;1;G;193 lbs;Edgewater HS (FL);USA
"Zavier
Simpson";MEM;9;G;190 lbs;Michigan;USA
"Jericho
Sims";NYK;45;C;250 lbs;Texas;USA
"Dmytro
Skapintsev";;;C;215 lbs;;Ukraine
"Jalen
Slawson";SAC;18;F;215 lbs;Furman;USA
"Javonte
Smart";;;G;205 lbs;Louisiana State;USA
"Marcus
Smart";MEM;36;G;220 lbs;Oklahoma State;USA
"Dru
Smith";;;G;203 lbs;Missouri;USA
"Ish
Smith";;;G;175 lbs;Wake Forest;USA
"Jalen
Smith";IND;25;F-C;215 lbs;Maryland;USA
"Terquavion
Smith";PHI;23;G;160 lbs;North Carolina State;USA
"Dennis
Smith Jr.";BKN;4;G;205 lbs;North Carolina State;USA
"Jabari
Smith Jr.";HOU;10;F;220 lbs;Auburn;USA
"Nick
Smith Jr.";CHA;8;G;185 lbs;Arkansas;USA
"Jeremy
Sochan";SAS;10;F;230 lbs;Baylor;Poland
"Pat
Spencer";GSW;61;G;205 lbs;Northwestern;USA
"Jaden
Springer";BOS;44;G;202 lbs;Tennessee;USA
"Lamar
Stevens";MEM;24;F;230 lbs;Penn State;USA
"Isaiah
Stewart";DET;28;F-C;250 lbs;Washington;USA
"Julian
Strawther";DEN;3;G;205 lbs;Gonzaga;USA
"Max
Strus";CLE;1;G-F;215 lbs;DePaul;USA
"Jalen
Suggs";ORL;4;G;205 lbs;Gonzaga;USA
"Cole
Swider";MIA;21;F;220 lbs;Syracuse;USA
"Jae'Sean
Tate";HOU;8;F;230 lbs;Ohio State;USA
"Jayson
Tatum";BOS;0;F-G;210 lbs;Duke;USA
"Terry
Taylor";CHI;32;F;230 lbs;Austin Peay;USA
"Garrett
Temple";TOR;17;G-F;195 lbs;Louisiana State;USA
"Dalen
Terry";CHI;25;F;195 lbs;Arizona;USA
"Daniel
Theis";LAC;10;F-C;245 lbs;Brose Bamberg;Germany
"Cam
Thomas";BKN;24;G;210 lbs;Louisiana State;Japan
"Isaiah
Thomas";PHX;4;G;185 lbs;Washington;USA
"Amen
Thompson";HOU;1;G-F;200 lbs;Overtime Elite;USA
"Ausar
Thompson";DET;9;G-F;205 lbs;Overtime Elite;USA
"Klay
Thompson";GSW;11;G;220 lbs;Washington State;USA
"Tristan
Thompson";CLE;13;C-F;254 lbs;Texas-Austin;Canada
"JT
Thor";CHA;21;F;203 lbs;Auburn;USA
"Matisse
Thybulle";POR;4;G-F;201 lbs;Washington;USA
"Xavier
Tillman";BOS;26;F;245 lbs;Michigan State;USA
"Jacob
Toppin";NYK;0;F;200 lbs;Kentucky;USA
"Obi
Toppin";IND;1;F;220 lbs;Dayton;USA
"Juan
Toscano-Anderson";;;F;209 lbs;Marquette;USA
"Karl-Anthony
Towns";MIN;32;C-F;248 lbs;Kentucky;USA
"Gary
Trent Jr.";TOR;33;G;204 lbs;Duke;USA
"Oscar
Tshiebwe";IND;44;F-C;255 lbs;Kentucky;DRC
"P.J.
Tucker";LAC;17;F;245 lbs;Texas;USA
"Myles
Turner";IND;33;C-F;250 lbs;Texas;USA
"Hunter
Tyson";DEN;4;F;215 lbs;Clemson;USA
"Stanley
Umude";DET;17;G;210 lbs;Arkansas;USA
"Jonas
Valanciunas";NOP;17;C;265 lbs;Lietuvos rytas Vilnius;Lithuania
"Fred
VanVleet";HOU;5;G;197 lbs;Wichita State;USA
"Jarred
Vanderbilt";LAL;2;F;214 lbs;Kentucky;USA
"Devin
Vassell";SAS;24;G-F;200 lbs;Florida State;USA
"Sasha
Vezenkov";SAC;7;F;225 lbs;Barcelona, Spain;Bulgaria
"Gabe
Vincent";LAL;7;G;200 lbs;California-Santa Barbara;USA
"Nikola
Vucevic";CHI;9;C;260 lbs;Southern California;Montenegro
"Tristan
Vukcevic";WAS;;F;220 lbs;Real Madrid;Italy
"Dean
Wade";CLE;32;F-C;228 lbs;Kansas State;USA
"Franz
Wagner";ORL;22;F;220 lbs;Michigan;Germany
"Moritz
Wagner";ORL;21;F-C;245 lbs;Michigan;Germany
"Ish
Wainright";PHX;12;F;250 lbs;Baylor;USA
"Jabari
Walker";POR;34;F;227 lbs;Colorado;USA
"Jarace
Walker";IND;5;F;235 lbs;Houston;USA
"Lonnie
Walker IV";BKN;8;G-F;204 lbs;Miami;USA
"Cason
Wallace";OKC;22;G;195 lbs;Kentucky;USA
"Jordan
Walsh";BOS;27;G;205 lbs;Arkansas;USA
"T.J.
Warren";MIN;24;F;220 lbs;North Carolina State;USA
"P.J.
Washington";DAL;25;F;230 lbs;Kentucky;USA
"Duane
Washington Jr.";NYK;1;G;197 lbs;Ohio State;Germany
"TyTy
Washington Jr.";MIL;23;G;195 lbs;Kentucky;USA
"Yuta
Watanabe";MEM;18;G-F;215 lbs;George Washington;Japan
"Lindy
Waters III";OKC;12;F;210 lbs;Oklahoma State;USA
"Trendon
Watford";BKN;9;F;237 lbs;Louisiana State;USA
"Peyton
Watson";DEN;8;G;200 lbs;UCLA;USA
"Victor
Wembanyama";SAS;1;F-C;210 lbs;Metropolitans 92;France
"Blake
Wesley";SAS;14;G;185 lbs;Notre Dame;USA
"Russell
Westbrook";LAC;0;G;200 lbs;UCLA;USA
"Coby
White";CHI;0;G;195 lbs;North Carolina;USA
"Derrick
White";BOS;9;G;190 lbs;Colorado;USA
"Dariq
Whitehead";BKN;0;F;220 lbs;Duke;USA
"Cam
Whitmore";HOU;7;F;230 lbs;Villanova;USA
"Aaron
Wiggins";OKC;21;G;190 lbs;Maryland;USA
"Andrew
Wiggins";GSW;22;F;197 lbs;Kansas;Canada
"Lindell
Wigginton";;;G;189 lbs;Iowa State;Canada
"Alondes
Williams";MIA;15;G;210 lbs;Wake Forest;USA
"Brandon
Williams";DAL;0;G;190 lbs;Arizona;USA
"Grant
Williams";CHA;2;F;236 lbs;Tennessee;USA
"Jalen
Williams";OKC;8;G-F;211 lbs;Santa Clara;USA
"Jaylin
Williams";OKC;6;F;240 lbs;Arkansas;USA
"Kenrich
Williams";OKC;34;G-F;210 lbs;TCU;USA
"Mark
Williams";CHA;5;C;240 lbs;Duke;USA
"Nate
Williams";HOU;19;G;205 lbs;Buffalo;USA
"Patrick
Williams";CHI;44;F;215 lbs;Florida State;USA
"Ziaire
Williams";MEM;8;F;185 lbs;Stanford;USA
"Robert
Williams III";POR;35;C-F;249 lbs;Texas A&M;USA
"Vince
Williams Jr.";MEM;5;G;205 lbs;Virginia Commonwealth;USA
"Zion
Williamson";NOP;1;F;284 lbs;Duke;USA
"D.J.
Wilson";PHI;23;F;231 lbs;Michigan;USA
"Jalen
Wilson";BKN;22;F;220 lbs;Kansas;USA
"Dylan
Windler";ATL;20;G-F;196 lbs;Belmont;USA
"James
Wiseman";DET;13;C;240 lbs;Memphis;USA
"Isaiah
Wong";IND;21;G;185 lbs;Miami;USA
"Christian
Wood";LAL;35;F;214 lbs;UNLV;USA
"Delon
Wright";MIA;4;G;185 lbs;Utah;USA
"Thaddeus
Young";PHX;30;F;225 lbs;Georgia Tech;USA
"Trae
Young";ATL;11;G;164 lbs;Oklahoma;USA
"Omer
Yurtseven";UTA;77;C;275 lbs;Georgetown;Turkey
"Cody
Zeller";NOP;40;F-C;240 lbs;Indiana;USA
"Ivica
Zubac";LAC;40;C;240 lbs;Mega Basket;Croatia